timestamp,request_id,passenger_id,ds,hr,comment
1657540861,1:1,1,2022-07-11,12,should be accepted
1657541041,2:1,2,2022-07-11,12,should be accepted
1657541161,3:1,3,2022-07-11,12,should be accepted
1657541221,1:2,1,2022-07-11,12,should be accepted
1657541281,2:2,2,2022-07-11,12,should be accepted
1657540861,1:3,1,2022-07-11,12,should be cancelled
1657541041,1:4,1,2022-07-11,12,should be cancelled
1657541161,2:3,2,2022-07-11,12,should be cancelled
1657541221,1:5,1,2022-07-11,12,should be no reply
1657541041,2:4,2,2022-07-11,12,should be no reply
1657541461,2:5,2,2022-07-11,12,should be cancelled then accepted
1657541561,3:2,3,2022-07-11,12,should be accepted
1657541661,4:1,4,2022-07-11,12,should be accepted
1657541681,1:6,1,2022-07-11,12,should be accepted
1657541701,4:2,4,2022-07-11,12,should be accepted
1657541751,3:3,3,2022-07-11,12,should be cancelled
1657541781,2:6,2,2022-07-11,12,should be cancelled
1657541881,4:3,4,2022-07-11,12,should be cancelled 2 times
1657541901,2:7,2,2022-07-11,12,should be no reply
1657541941,3:4,3,2022-07-11,12,should be no reply
